suite,case_id,tool,storm_extra_args,num_trials,property,horizon,constants,Q,N,H,status,probability,elapsed_seconds,error_message
parqueues,q9-n3-h1,storm.add,-tm --sylvan:threads 1,1,target,1,"{""N"": 3}",9,3,1,ok,0.0,1.7030545260058716,
parqueues,q9-n3-h2,storm.add,-tm --sylvan:threads 1,1,target,2,"{""N"": 3}",9,3,2,ok,0.0,2.7649240400642157,
parqueues,q9-n3-h3,storm.add,-tm --sylvan:threads 1,1,target,3,"{""N"": 3}",9,3,3,ok,0.001981573309,13.930154000991024,
parqueues,q9-n3-h4,storm.add,-tm --sylvan:threads 1,1,target,4,"{""N"": 3}",9,3,4,ok,0.01457853112,54.5115286099026,
parqueues,q9-n3-h5,storm.add,-tm --sylvan:threads 1,1,target,5,"{""N"": 3}",9,3,5,ok,0.02758535924,97.73322555108462,
parqueues,q9-n3-h6,storm.add,-tm --sylvan:threads 1,1,target,6,"{""N"": 3}",9,3,6,ok,0.03411829351,137.6958735550288,
parqueues,q9-n3-h7,storm.add,-tm --sylvan:threads 1,1,target,7,"{""N"": 3}",9,3,7,ok,0.03642315309,180.47634950303473,
parqueues,q9-n3-h8,storm.add,-tm --sylvan:threads 1,1,target,8,"{""N"": 3}",9,3,8,ok,0.03708667992,219.3395511660492,
parqueues,q9-n3-h9,storm.add,-tm --sylvan:threads 1,1,target,9,"{""N"": 3}",9,3,9,ok,0.03725475008,258.97397473989986,
parqueues,q9-n3-h10,storm.add,-tm --sylvan:threads 1,1,target,10,"{""N"": 3}",9,3,10,ok,0.03729385656,299.8119703719858,
parqueues,q9-n3-h20,storm.add,-tm --sylvan:threads 1,1,target,20,"{""N"": 3}",9,3,20,ok,0.03730469803,713.9879066459835,
parqueues,q9-n3-h30,storm.add,-tm --sylvan:threads 1,1,target,30,"{""N"": 3}",9,3,30,ok,0.03730469803,1120.0965394690866,
parqueues,q9-n3-h40,storm.add,-tm --sylvan:threads 1,1,target,40,"{""N"": 3}",9,3,40,timeout,,,Timed out after 1260 seconds
parqueues,q9-n3-h50,storm.add,-tm --sylvan:threads 1,1,target,50,"{""N"": 3}",9,3,50,timeout,,,Timed out after 1260 seconds
parqueues,q9-n3-h60,storm.add,-tm --sylvan:threads 1,1,target,60,"{""N"": 3}",9,3,60,timeout,,,Timed out after 1260 seconds
parqueues,q9-n3-h70,storm.add,-tm --sylvan:threads 1,1,target,70,"{""N"": 3}",9,3,70,timeout,,,Timed out after 1260 seconds
parqueues,q9-n3-h80,storm.add,-tm --sylvan:threads 1,1,target,80,"{""N"": 3}",9,3,80,timeout,,,Timed out after 1260 seconds
parqueues,q9-n3-h90,storm.add,-tm --sylvan:threads 1,1,target,90,"{""N"": 3}",9,3,90,timeout,,,Timed out after 1260 seconds
parqueues,q9-n3-h100,storm.add,-tm --sylvan:threads 1,1,target,100,"{""N"": 3}",9,3,100,timeout,,,Timed out after 1260 seconds
parqueues,q9-n3-h200,storm.add,-tm --sylvan:threads 1,1,target,200,"{""N"": 3}",9,3,200,timeout,,,Timed out after 1260 seconds
parqueues,q9-n3-h300,storm.add,-tm --sylvan:threads 1,1,target,300,"{""N"": 3}",9,3,300,timeout,,,Timed out after 1260 seconds
parqueues,q9-n3-h400,storm.add,-tm --sylvan:threads 1,1,target,400,"{""N"": 3}",9,3,400,timeout,,,Timed out after 1260 seconds
parqueues,q9-n3-h500,storm.add,-tm --sylvan:threads 1,1,target,500,"{""N"": 3}",9,3,500,timeout,,,Timed out after 1260 seconds
parqueues,q9-n3-h600,storm.add,-tm --sylvan:threads 1,1,target,600,"{""N"": 3}",9,3,600,timeout,,,Timed out after 1260 seconds
parqueues,q9-n3-h700,storm.add,-tm --sylvan:threads 1,1,target,700,"{""N"": 3}",9,3,700,timeout,,,Timed out after 1260 seconds
parqueues,q9-n3-h800,storm.add,-tm --sylvan:threads 1,1,target,800,"{""N"": 3}",9,3,800,timeout,,,Timed out after 1260 seconds
parqueues,q9-n3-h900,storm.add,-tm --sylvan:threads 1,1,target,900,"{""N"": 3}",9,3,900,timeout,,,Timed out after 1260 seconds
parqueues,q9-n3-h1000,storm.add,-tm --sylvan:threads 1,1,target,1000,"{""N"": 3}",9,3,1000,timeout,,,Timed out after 1260 seconds
